Stat,Value
Chi-square (no Yates),333.6982
Chi-square p-value,1.5042781351333129e-74
Fisher’s exact OR,251.51636363636365
Fisher’s exact p-value,3.532763037121708e-94
Odds Ratio (Wald CI),251.51636363636365
OR 95% CI lower,62.110706683673
OR 95% CI upper,1018.5116955606738
Risk Ratio (Katz CI),123.58362989323842
RR 95% CI lower,30.92345271617084
RR 95% CI upper,493.894188264503
